inc_only,edu_only,both,inc_f_stat,edu_f_stat
5,289,29,1.2744270747894,1.31251186208782
